black_sea_region;Black Sea;Mer Noire;Schwarzes Meer;;Mar Negro;;;;;;;;;;
baltic_sea_region;Baltic Sea;Mer Baltique;Ostsee;;Mar Báltico;;;;;;;;;;
kolabay;Kola;Kola;Kola;;Kola;;;;;;;;;;
mediterranean_region;Mediterranean Sea;Mer Méditerranée;Mittelmeer;;Mar Mediterráneo;;;;;;;;;;
belgium_ardennes;The Ardennes;Les Ardennes;Ardennen;;Las Ardenas;;;;;;;;;;
belgium_north;Belgium - North;Belgique - Nord;Belgien - Nord;;Bélgica - Norte;;;;;;;;;;
belgium_south;Belgium - South ;Belgique - Sud;Belgien - Süd;;Bélgica - Sur ;;;;;;;;;;
belgium_west;Belgium - West;Belgique - Ouest;Belgien - West;;Bélgica - Oeste;;;;;;;;;;
denmark_south_jylland;South Jutland;Jutland-du-Sud;Südjütland;;Jutlandia del sur;;;;;;;;;;
denmark_north_jylland;North Jutland;Jutland-du-Nord;Nordjütland;;Jutlandia del norte;;;;;;;;;;
denmark_fyn;Fyn;Fyn;Fünen;;Fionia;;;;;;;;;;
denmark_sjaelland;Zealand;Zealand;Seeland;;Zelanda;;;;;;;;;;
finland_region;Finland;Finlande;Finnland;;Finlandia;;;;;;;;;;
france_alsace;Alsace;Alsace;Elsass;;Alsacia;;;;;;;;;;
france_north_maginot;Northern Maginot Line;Ligne Maginot du Nord-Est;Nördliche Maginotlinie;;Norte de la Línea Maginot;;;;;;;;;;
france_verdun;Verdun;Verdun;Verdun;;Verdún;;;;;;;;;;
france_north_east;France - North East;France - Nord-Est;Frankreich - Nordost;;Francia - Noreste;;;;;;;;;;
france_south_maginot;Southern Maginot Line;Ligne Maginot Sud;Südliche Maginotlinie;;Sur de la Línea Maginot;;;;;;;;;;
france_reims;Rheims;Reims;Reims;;Rheims;;;;;;;;;;
france_noyon;Noyon;Noyon;Noyon;;Noyon;;;;;;;;;;
france_calais;Calais;Calais;Calais;;Calais;;;;;;;;;;
france_lille;Lille;Lille;Lille;;Lille;;;;;;;;;;
france_clefmont;Clefmont;Clefmont;Clefmont;;Clefmont;;;;;;;;;;
france_langres;Langres;Langres;Langres;;Langres;;;;;;;;;;
france_ronchamp;Ronchamp;Ronchamp;Ronchamp;;Ronchamp;;;;;;;;;;
france_besancon;Besancon;Besançon;Besancon;;Besançon;;;;;;;;;;
france_poligny;Poligny;Poligny;Poligny;;Poligny;;;;;;;;;;
france_mondane;Mondane;Mondane;Mondane;;Mondane;;;;;;;;;;
france_briancon;Briancon;Briançon;Briancon;;Briançon;;;;;;;;;;
france_nice;Nice;Nice;Nice;;Niza;;;;;;;;;;
france_toulon;Toulon;Toulon;Toulon;;Tolón;;;;;;;;;;
france_marseille;Marseille;Marseille;Marseille;;Marsella;;;;;;;;;;
france_grenoble;Grenoble;Grenoble;Grenoble;;Grenoble;;;;;;;;;;
france_dieppe;Dieppe;Dieppe;Dieppe;;Dieppe;;;;;;;;;;
france_dreux;Dreux;Dreux;Dreux;;Dreux;;;;;;;;;;
france_caen;Caen;Caen;Caen;;Caen;;;;;;;;;;
france_cherbourg;Cherbourg;Cherbourg;Cherbourg;;Cherburgo;;;;;;;;;;
france_argentan;Argentan;Argentan;Argentan;;Argentan;;;;;;;;;;
france_rennes;Rennes;Rennes;Rennes;;Rennes;;;;;;;;;;
france_mauron;Mauron;Mauron;Mauron;;Mauron;;;;;;;;;;
france_brest;Brest;Brest;Brest;;Brest;;;;;;;;;;
france_lucon;Lucon;Lucon;Lucon;;Lucon;;;;;;;;;;
germany_west_ruhr;Rhur - West;Rhur - Ouest;Ruhrgebiet - West;;Ruhr - Oeste;;;;;;;;;;
germany_south_west_ruhr;Rhur - South West;Rhur - Sud-Ouest;Ruhrgebiet - Südwest;;Ruhr - Sureste;;;;;;;;;;
germany_saar;Saarland;Saare;Saarland;;Sarre;;;;;;;;;;
germany_lorraine;Lorraine;Lorraine;Lorraine;;Lorena;;;;;;;;;;
germany_baden;Baden;Baden;Baden;;Baden;;;;;;;;;;
germany_holstein;Holstein;Holstein;Holstein;;Holstein;;;;;;;;;;
germany_mecklenburg;Mecklingburg;Mecklengburg;Mecklenburg;;Mecklingburg;;;;;;;;;;
germany_vorpommern;Western Pomerania;Poméranie Occidentale;Westpommern;;Pomerania Occidental;;;;;;;;;;
germany_hinterpommern;Eastern Pomerania;Poméranie Orientale;Ostpommern;;Pomerania Oriental;;;;;;;;;;
germany_berlin;Berlin;Berlin;Berlin;;Berlín;;;;;;;;;;
germany_neubrandenburg;Brandenburg;Brandenbourg;Brandenburg;;Brandeburgo;;;;;;;;;;
germany_magdeburg;Magdeburg;Magdebourg;Magdeburg;;Magdeburgo;;;;;;;;;;
germany_hamburg;Hamburg;Hambourg;Hamburg;;Hamburgo;;;;;;;;;;
germany_bremen;Bremen;Brême;Bremen;;Bremen;;;;;;;;;;
germany_norden;Norden;Nord;Norden;;Norden;;;;;;;;;;
germany_osnabruck;Osnabruck;Osnabruck;Osnabrück;;Osnabruck;;;;;;;;;;
germany_dusseldorf;Dusseldorf;Dusseldorf;Düsseldorf;;Dusseldorf;;;;;;;;;;
germany_dortmund;Dortmund;Dortmund;Dortmund;;Dortmund;;;;;;;;;;
germany_hannover;Hannover;Hannovre;Hannover;;Hannover;;;;;;;;;;
germany_minden;Minden;Minden;Minden;;Minden;;;;;;;;;;
germany_paderborn;Paderborn;Paderborn;Paderborn;;Paderborn;;;;;;;;;;
germany_frankfurt;Frankfort;Francfort;Frankfurt;;Francfort;;;;;;;;;;
germany_elbing;Elbing;Elbing;Elbing;;Elblag;;;;;;;;;;
germany_konigsberg;Konigsberg;Konigsberg;Königsberg;;Konigsberg;;;;;;;;;;
germany_tilsit;Tilsit;Tilsit;Tilsit;;Tilsit;;;;;;;;;;
germany_lyck;Lyck;Lyck;Lyck;;Lyck;;;;;;;;;;
germany_lauenburg;Lauenburg;Lauenburg;Lauenburg;;Lauenburg;;;;;;;;;;
germany_falkenburg;Falkenburg;Falkenburg;Falkenburg;;Falkenburg;;;;;;;;;;
germany_neudam;Neudam;Neudam;Neudam;;Neudam;;;;;;;;;;
germany_cottbus;Cottbus;Cottbus;Cottbus;;Cottbus;;;;;;;;;;
germany_fulda_gap;The Fulda Gap;Le Fulda Gap;Fuldatal;;La brecha de Fulda;;;;;;;;;;
germany_gottingen;Gottingen;Gottingen;Göttingen;;Gottingen;;;;;;;;;;
germany_darmstadt;Darmstadt;Darmstadt;Darmstadt;;Darmstadt;;;;;;;;;;
germany_balingen;Balingen;Balingen;Balingen;;Balingen;;;;;;;;;;
germany_mannheim;Mannheim;Mannheim;Mannheim;;Mannheim;;;;;;;;;;
germany_oberstdorf;Oberstdorf;Oberstdorf;Oberstdorf;;Oberstdorf;;;;;;;;;;
germany_ulm;Ulm;Ulm;Ulm;;Ulm;;;;;;;;;;
germany_stuttgart;Suttgart;Suttgart;Stuttgart;;Stuttgart;;;;;;;;;;
germany_murnau;Marnau;Marnau;Marnau;;Marnau;;;;;;;;;;
germany_traunstein;Traunstein;Traunstein;Traunstein;;Traunstein;;;;;;;;;;
germany_passau;Passau;Passau;Passau;;Passau;;;;;;;;;;
germany_augsburg;Augsburg;Augsbourg;Augsburg;;Augsburgo;;;;;;;;;;
germany_sorau;Sorau;Sorau;Sorau;;Sorau;;;;;;;;;;
germany_breslau;Breslau;Breslau;Breslau;;Wroclaw;;;;;;;;;;
germany_oppeln;Oppeln;Oppeln;Oppeln;;Oppeln;;;;;;;;;;
germany_ratibor;Ratibor;Ratibor;Ratibor;;Ratibor;;;;;;;;;;
germany_petersdorf;Petersdorf;Petersdorf;Petersdorf;;Petersdorf;;;;;;;;;;
germany_sebnitz;Sebnitz;Sebnitz;Sebnitz;;Sebnitz;;;;;;;;;;
germany_dresden;Dresden;Dresde;Dresden;;Dresde;;;;;;;;;;
germany_dessau;Dessau;Dessau;Dessau;;Dessau;;;;;;;;;;
germany_gera;Gera;Gera;Gera;;Gera;;;;;;;;;;
germany_chemnitz;Chemnitz;Chemnitz;Chemnitz;;Chemnitz;;;;;;;;;;
germany_sonderhausen;Sonderhausen;Sonderhausen;Sonderhausen;;Sonderhausen;;;;;;;;;;
germany_suhl;Suhl;Suhl;Suhl;;Suhl;;;;;;;;;;
germany_bayeruth;Bayeruth;Bayeruth;Bayreuth;;Bayeruth;;;;;;;;;;
germany_nurnberg;Nuremberg;Nuremberg;Nürnberg;;Nuremberg;;;;;;;;;;
germany_regensburg;Regensburg;Regensbourg;Regensburg;;Ratisbona;;;;;;;;;;
germany_nordlingen;Nordlingen;Nordlingen;Nördlingen;;Nordlingen;;;;;;;;;;
holland_denhaag;The Hague;La Haye;Den Haag;;La Haya;;;;;;;;;;
holland_southeast;Holland - South East;Hollande - Sud-Est;Holland - Südost;;Holanda - Sureste;;;;;;;;;;
holland_haarlem;Haarlem;Haarlem;Haarlem;;Haarlem;;;;;;;;;;
holland_northwest;Holland - North West;Hollande - Nord-Ouest;Holland - Nordwest;;Holanda - Noreste;;;;;;;;;;
holland_utrecht;Utrecht;Utrecht;Utrecht;;Utrecht;;;;;;;;;;
holland_enschede;Enschede;Enschede;Enschede;;Enschede;;;;;;;;;;
holland_zwolle;Zwolle;Zwolle;Zwolle;;Zwolle;;;;;;;;;;
holland_emmen;Emmen;Emmen;Emmen;;Emmen;;;;;;;;;;
ireland_donegal;Donegal;Donegal;Donegal;;Donegal;;;;;;;;;;
ireland_mayo;Mayo;Mayo;Mayo;;Mayo;;;;;;;;;;
ireland_longford;Longford;Longford;Longford;;Longford;;;;;;;;;;
ireland_dublin;Dublin;Dublin;Dublin;;Dublín;;;;;;;;;;
ireland_wexford;Wexford;Wexford;Wexford;;Wexford;;;;;;;;;;
ireland_limerick;Limerick;Limerick;Limerick;;Limerick;;;;;;;;;;
ireland_cork;Cork;Cork;Cork;;Cork;;;;;;;;;;
poland_danzig;Danzig;Dantzig;Danzig;;Danzig;;;;;;;;;;
poland_bydgoszgz;Thorn;Bydgoszcz;Thorn;;Thorn;;;;;;;;;;
poland_poznan;Poznan;Poznan;Posen;;Poznañ;;;;;;;;;;
poland_brieg;Brieg;Brieg;Brieg;;Brieg;;;;;;;;;;
poland_katowice;Kattowitz;Katowice;Kattowitz;;Katowice;;;;;;;;;;
poland_wisla;Vistula;Vistule;Weichsel;;Vístula;;;;;;;;;;
poland_jordanow;Jordanow;Jordanow;Jordanow;;Jordanow;;;;;;;;;;
sweden_sw_skane;South West Skane;Scanie du Sud-Ouest;Südwest-Skane;;Escania sudoccidental;;;;;;;;;;
sweden_ne_skane;North East Skane;Scanie du Nord-Est;Nordost-Skane;;Escania nororiental;;;;;;;;;;
sweden_halland;Halland;Halland;Halland;;Halland;;;;;;;;;;
sweden_goteborg;Gothenburg;Goteborg;Gothenburg;;Gothemburgo;;;;;;;;;;
sweden_kalmar;Kalmar;Kalmar;Kalmar;;Kalmar;;;;;;;;;;
sweden_lysekil;Lysekil;Lysekil;Lysekil;;Lysekil;;;;;;;;;;
sweden_v_gotaland;Western Gotaland;Gotaland de l'ouest;West-Götaland;;Gotland Occidental;;;;;;;;;;
sweden_varnamo;Varnamo;Varnamo;Varnamo;;Varnamo;;;;;;;;;;
sweden_vastervik;Vastervik;Vastervik;Vastervik;;Vastervik;;;;;;;;;;
sweden_jonkoping;Jonkoping;Jonkoping;Jonköping;;Jonkoping;;;;;;;;;;
sweden_kil;Kil;Kil;Kil;;Kil;;;;;;;;;;
sweden_karlstad;Karlstad;Karlstad;Karlstad;;Karlstad;;;;;;;;;;
sweden_sunne;Sunne;Sunne;Sunne;;Sunne;;;;;;;;;;
sweden_orebro;Orebro;Orebro;Orebro;;Orebro;;;;;;;;;;
sweden_norrkoping;Norrkoping;Norrkoping;Norrköping;;Norrkoping;;;;;;;;;;
sweden_katrineholm;Katrineholm;Katrineholm;Katrineholm;;Katrineholm;;;;;;;;;;
sweden_stockholm;Stockholm;Stockholm;Stockholm;;Estocolmo;;;;;;;;;;
sweden_uppsala;Uppsala;Uppsala;Uppsala;;Uppsala;;;;;;;;;;
sweden_kopparberg;Kopparberg;Kopparberg;Kopparberg;;Kopparberg;;;;;;;;;;
sweden_gavle;Gavle;Gavle;Gavle;;Gavle;;;;;;;;;;
sweden_falun;Falun;Falun;Falun;;Falun;;;;;;;;;;
sweden_gotland;Gotland;Gotland;Gotland;;Gotland;;;;;;;;;;
sweden_region;Sweden;Súede;Schweden;;Svezia;;;;;;;;;;,,
uk_north_wales;North Wales;Galles du Nord;Nordwales;;Gales del Norte;;;;;;;;;;,,
uk_south_wales;South Wales;Galles du Sud;Südwales;;Gales del Sur;;;;;;;;;;,,
uk_cornwall;Cornwall;Cornouailles;Cornwall;;Cornwall;;;;;;;;;;,,
uk_bristol;Gloucestershire;Gloucestershire;Gloucestershire;;Gloucestershire;;;;;;;;;;,,
uk_dorset;Dorset;Dorset;Dorset;;Dorset;;;;;;;;;;,,
uk_oxford;Oxfordshire;Oxfordshire;Oxfordshire;;Oxfordshire;;;;;;;;;;,,
uk_kent;Kent;Kent;Kent;;Kent;;;;;;;;;;x,,
uk_london;Middlesex;Middlesex;Middlesex;;Middlesex;;;;;;;;;;x,,
uk_cambridge;Cambridgeshire;Cambridgeshire;Cambridgeshire;;Cambridgeshire;;;;;;;;;;x,,
uk_east_anglia;East Anglia;Est-Anglie;East Anglia;;Anglia Oriental;;;;;;;;;;x,,
uk_lincoln;Lincolnshire;Lincolnshire;Lincolnshire;;Lincolnshire;;;;;;;;;;x,,
uk_west_midlands;West Midlands;Midlands de l'Ouest;West-Midlands;;Midlands occidentales;;;;;;;;;;x,,
uk_east_midlands;East Midlands;Midlands de l'Est;Ost-Midlands;;Midlands Orientales;;;;;;;;;;x,,
uk_liverpool;Lancashire;Lancashire;Lancashire;;Lancashire;;;;;;;;;;x,,
uk_carlisle;Cumbria;Cumbrie;Cumbria;;Cumbria;;;;;;;;;;x,,
uk_newcastle;Northumberland;Northumberland;Northumberland;;Northumberland;;;;;;;;;;x,,
uk_york;East Yorkshire;Yorkshire de l'Est;Ost-Yorkshire;;Yorkshire Oriental;;;;;;;;;;x,,
uk_hull;West Yorkshire;Yorkshire de l'Ouest;West-Yorkshire;;Yorkshire Occidental;;;;;;;;;;x,,
uk_edinburgh;Lothian;Lothian;Lothian;;Lothian;;;;;;;;;;x,,
uk_ayr;Ayrshire;Ayrshire;Ayrshire;;Ayrshire;;;;;;;;;;x,,
uk_glasgow;Lanarkshire;Lanarkshire;Lanarkshire;;Lanarkshire;;;;;;;;;;x,,
uk_rosyth;Fife;Fife;Fife;;Fife;;;;;;;;;;x,,
uk_aberdeen;Aberdeenshire;Aberdeenshire;Aberdeenshire;;Aberdeenshire;;;;;;;;;;x,,
uk_mallaig;Argyll;Argyll;Argyll;;Argyll;;;;;;;;;;x,,
uk_inverness;Inverness-shire;Inverness-shire;Inverness-shire;;Inverness-shire;;;;;;;;;;x,,
uk_scapa;Caithness;Caithness;Caithness;;Caithness;;;;;;;;;;x,,
uk_stornoway;Ross and Cromarty;Ross and Cromarty;Ross und Cromarty;;Ross y Cromarty;;;;;;;;;;x,,
uk_belfast;Antrim;Antrim;Antrim;;Antrim;;;;;;;;;;x,,
uk_armagh;Armagh;Armagh;Armagh;;Armagh;;;;;;;;;;x,,
FRA_2877;Chablis;Chablis;Chablis;;Chablis;;;;;;;;;;x,,
FRA_3080;Dijon;Dijon;Dijon;;Dijon;;;;;;;;;;x,,
FRA_3280;Beaune;Beaune;Beaune;;Beaune;;;;;;;;;;x,,
FRA_3620;Lyon;Lyon;Lyon;;Lyon;;;;;;;;;;x,,
FRA_3823;Avignon;Avignon;Avignon;;Aviñón;;;;;;;;;;x,,
FRA_3893;Montpellier;Montpellier;Montpellier;;Montpellier;;;;;;;;;;x,,
FRA_2485;Paris;Paris;Paris;;París;;;;;;;;;;x,,
FRA_2746;Troyes;Troyes;Troyes;;Troyes;;;;;;;;;;x,,
FRA_2802;St. Nazaire;St. Nazaire;St. Nazaire;;St. Nazario;;;;;;;;;;,,
FRA_2937;Nantes;Nantes;Nantes;;Nantes;;;;;;;;;;,,
FRA_2805;Richelieu;Richelieu;Richelieu;;Richelieu;;;;;;;;;;,,
FRA_2742;Tours;Tours;Tours;;Tours;;;;;;;;;;,,
FRA_2743;Orleans;Orléans;Orleans;;Orleans;;;;;;;;;;,,
FRA_2942;Briare;Briare;Briare;;Briare;;;;;;;;;;,,
FRA_3964;Beziers;Béziers;Beziers;;Beziers;;;;;;;;;;x,,
FRA_4297;Perpignam;Perpignan;Perpignam;;Perpiñán;;;;;;;;;;x,,
FRA_3753;St. Etienne;St. Étienne;St. Etienne;;St. Etienne;;;;;;;;;;x,,
FRA_3551;Macon;Mâcon;Macon;;Mâcon;;;;;;;;;;x,,
FRA_3343;Cognac;Cognac;Cognac;;Cognac;;;;;;;;;;x,,
FRA_3412;Bordeaux;Bordeaux;Bordeaux;;Burdeos;;;;;;;;;;x,,
FRA_3747;Stade Montois;Stade Montois;Stade Montois;;Stade Montois;;;;;;;;;;x,,
FRA_4027;Bayonne;Bayonne;Bayonne;;Bayona;;;;;;;;;;x,,
FRA_3959;Pau;Pau;Pau;;Pau;;;;;;;;;;x,,
FRA_4099;Toulouse;Toulouse;Toulouse;;Toulouse;;;;;;;;;;x,,
FRA_4100;Lavelanet;Lavelanet;Lavelanet;;Lavelanet;;;;;;;;;;x,,
FRA_3889;Montauban;Montauban;Montauban;;Montauban;;;;;;;;;;x,,
FRA_3681;Brive;Brive;Brive;;Brive;;;;;;;;;;x,,
FRA_3820;Castres;Castres;Castres;;Castres;;;;;;;;;;x,,
FRA_3819;Albi;Albi;Albi;;Albi;;;;;;;;;;x,,
FRA_3750;Rodez;Rodez;Rodez;;Rodez;;;;;;;;;;x,,
FRA_3684;Saignes;Saignes;Saignes;;Saignes;;;;;;;;;;x,,
FRA_3011;Avallon;Avallon;Avallon;;Avallon ;;;;;;;;;;x,,
FRA_2941;Bourges;Bourges;Bourges;;Bourges;;;;;;;;;;x,,
FRA_3006;Thouars;Thouars;Thouars;;Thouars;;;;;;;;;;x,,
FRA_2940;Decartes;Descartes;Decartes;;Decartes;;;;;;;;;;x,,
FRA_3141;Poiteirs;Poitiers;Poiteirs;;Poitiers;;;;;;;;;;
FRA_3345;Limoges;Limoges;Limoges;;Limoges;;;;;;;;;;
FRA_3415;Martel;Martel;Martel;;Martel;;;;;;;;;;
FRA_3144;Nevers;Nevers;Nevers;;Nevers;;;;;;;;;;
FRA_3417;Vichy;Vichy;Vichy;;Vichy;;;;;;;;;;
FRA_3550;Clermont Auvergne;Clermont Auvergne;Clermont Auvergne;;Clermont Auvergne;;;;;;;;;;
FRA_3277;St Vaury;St Vaury;St. Vaury;;St Vaury;;;;;;;;;;
AUS_3220;Pfunds;Pfunds;Pfunds;;Pfunds;;;;;;;;;;
AUS_3358;Innsbruck;Innsbruck;Innsbruck;;Innsbruck;;;;;;;;;;
AUS_2955;Salzburg;Salzbourg;Salzburg;;Salzburgo;;;;;;;;;;
AUS_3429;Lienz;Lienz;Linz;;Lienz;;;;;;;;;;
AUS_3291;Bischofshofen;Bischofshofen;Bischofshofen;;Bischofshofen;;;;;;;;;;
AUS_3361;Klagenfurt;Klagenfurt;Klagenfurt;;Klagenfurt;;;;;;;;;;
AUS_3092;Linz;Linz;Linz;;Linz;;;;;;;;;;
AUS_3227;Graz;Graz;Graz;;Graz;;;;;;;;;;
AUS_3026;Vienna;Vienne;Wien;;Viena;;;;;;;;;;
AUS_2957;Zwettl;Zwettl;Zwettl;;Zwettl;;;;;;;;;;
SCH_3425;Davos;Davos;Davos;;Davos;;;;;;;;;;
SCH_3218;Zurich;Zurich;Zürich;;Zúrich;;;;;;;;;;
SCH_3354;Locarno;Locarno;Locarno;;Locarno;;;;;;;;;;
SCH_3284;Basel;Bâle;Basel;;Basilea;;;;;;;;;;
SCH_3556;Brig;Brigue;Brig;;Brig;;;;;;;;;;
SCH_3422;Geneva;Genève;Genf;;Ginebra;;;;;;;;;;
POL_2097;Kalisz;Kalisz;Kalisch;;Kalisz;;;;;;;;;;
POL_1982;Plock;Plock;Plock;;Plock;;;;;;;;;;
POL_1868;Warsaw;Varsovie;Warschau;;Varsovia;;;;;;;;;;
POL_1809;Lomza;Lomza;Lomscha;;Lomza;;;;;;;;;;
POL_1691;Varena;Varena;Varena;;Varena;;;;;;;;;;
POL_1532;Wilno;Vilnius;Wilno;;Vilna;;;;;;;;;;
POL_1490;Svir;Svir;Swir;;Svir;;;;;;;;;;
POL_1634;Stolpce;Stolpce;Stolpce;;Stolpce;;;;;;;;;;
POL_1752;Lida;Lida;Lida;;Lida;;;;;;;;;;
POL_1873;Pinsk;Pinsk;Pinsk;;Pinsk;;;;;;;;;;
POL_2046;Pripet;Pripet;Pripjet;;Pripet;;;;;;;;;;
POL_2162;Styr;Styr;Styr;;Styr;;;;;;;;;;
POL_2391;Dubno;Dubno;Dubno;;Dubno;;;;;;;;;;
POL_2510;Ternopil;Ternopil;Ternopol;;Ternopil;;;;;;;;;;
POL_3036;Orynyn;Orynyn;Orynyn;;Orynyn;;;;;;;;;;
POL_2769;Skalat;Skalat;Skalat;;Skalat;;;;;;;;;;
POL_2636;Stryy;Stryy;Stryy;;Stryy;;;;;;;;;;
POL_2702;Przemysl;Przemysl;Prömsel;;Przemysl;;;;;;;;;;
POL_2700;Gorlice;Gorlice;Gorlice;;Gorlice;;;;;;;;;;
POL_2506;Tarnow;Tarnow;Tarnow;;Tarnów;;;;;;;;;;
POL_2214;Klobuck;Klobuck;Klobuck;;Klobuck;;;;;;;;;;
POL_2040;Lodz;Lodz;Lodz;;Lódz;;;;;;;;;;
POL_1984;Siedlce;Siedlce;Siedlce;;Siedlce;;;;;;;;;;
POL_1810;Bialystok;Bialystok;Bialystok;;Bialystok;;;;;;;;;;
POL_1930;Brest Litovsk;Brest Litovsk;Brest Litowsk;;Brest-Litovsk;;;;;;;;;;
POL_1987;Povorsk;Povorsk;Povorsk;;Povorsk;;;;;;;;;;
POL_2219;Kovel;Kovel;Kowel;;Kovel;;;;;;;;;;
POL_2509;Lvov;Lvov;Lemberg;;Lvov;;;;;;;;;;
POL_2388;Jaroslav;Jaroslav;Jaroslaw;;Jaroslav;;;;;;;;;;
POL_2389;Zamosc;Zamosc;Zamosc;;Zamo??;;;;;;;;;;
POL_2217;Shatsk;Shatsk;Shatsk;;Shatsk;;;;;;;;;;
POL_2216;Lublin;Lublin;Lublin;;Lublin;;;;;;;;;;
POL_2215;Kielce;Kielce;Kielce;;Kielce;;;;;;;;;;
LIT_1395;Memel;Memel;Memel;;Memel;;;;;;;;;;
LIT_1577;Alytus;Alytus;Olita;;Alytus;;;;;;;;;;
LIT_1531;Vievis;Vievis;Vievis;;Vievis;;;;;;;;;;
LIT_1355;Utena;Utena;Utena;;Utena;;;;;;;;;;
LIT_1442;Kaunas;Kaunas;Kauen;;Kaunas;;;;;;;;;;
LIT_1308;Siauliai;Siauliai;Schaulen;;Siauliai;;;;;;;;;;
LAT_1261;Liepaja;Liepaja;Libau;;Liepâja;;;;;;;;;;
LAT_1096;Tukums;Tukums;Tuckum;;Tukums;;;;;;;;;;
LAT_1220;Riga;Riga;Riga;;Riga;;;;;;;;;;
LAT_1222;Jekabpils;Jekabpils;Jakobsstadt;;Jekabpils;;;;;;;;;;
LAT_1311;Daugavpils;Daugavpils;Dünaburg;;Daugavpils;;;;;;;;;;
LAT_1140;Gulbene;Gulbene;Schwanenburg;;Gulbene;;;;;;;;;;
LAT_1098;Cesis;Cesis;Wenden;;Cesis;;;;;;;;;;
EST_985;Parnu;Parnu;Pernau;;Parnu;;;;;;;;;;
EST_906;Tallin;Tallin;Reval;;Tallin;;;;;;;;;;
EST_820;Narva;Narva;Narwa;;Narva;;;;;;;;;;
EST_1062;Tartu;Tartu;Dorpat;;Tartu;;;;;;;;;;
FIN_698;Viipuri;Viipuri;Viipuri;;Viipuri;;;;;;;;;;
FIN_696;Kotka;Kotka;Kotka;;Kotka;;;;;;;;;;
FIN_780;Helsinki;Helsinki;Helsinki;;Helsinki;;;;;;;;;;
FIN_736;Turku;Turku;Turku;;Turku;;;;;;;;;;
FIN_779;Hanko;Hanko;Hanko;;Hanko;;;;;;;;;;
FIN_654;Forssa;Forssa;Forssa;;Forssa;;;;;;;;;;
FIN_655;Lahti;Lahti;Lahti;;Lahti;;;;;;;;;;,,,,,,,,,,,,,,,,,,,,,,,,,,,,,,,,,,,,
FIN_580;Onkamo;Onkamo;Onkamo;;Onkamo;;;;;;;;;;,,,,,,,,,,,,,,,,,,,,,,,,,,,,,,,,,,,,,,,
FIN_507;Soujarvi;Soujarvi;Soujarvi;;Soujarvi;;;;;;;;;;,,,,,,,,,,,,,,,,,,,,,,,,,,,,,,,,,,,,,,
FIN_433;Joensuu;Joensuu;Joensuu;;Joensuu;;;;;;;;;;,,,,,,,,,,,,,,,,,,,,,,,,,,,,,,,,,,,,,,,
FIN_352;Lieksa;Lieksa;Lieksa;;Lieksa;;;;;;;;;;,,,,,,,,,,,,,,,,,,,,,,,,,,,,,,,
FIN_505;Varkus;Varkus;Varkus;;Varkus;;;;;;;;;;,,,,,,,,,,,,,,,,,,,,,,,,,,,,,,,,,,,,,,,
FIN_615;Pori;Pori;Pori;;Pori;;;;;;;;;;,,,,,,,,,,,,,,,,,,,,,,,,,,,,
FIN_537;Tampere;Tampere;Tampere;;Tampere;;;;;;;;;;,,,,,,,,,,,,,,,,,,,,,,,,,,,,,,,,,,,,,,,
FIN_503;Padosjoki;Padosjoki;Padosjoki;;Padosjoki;;;;;;;;;;,,,,,,,,,,,,,,,,,,,,,,,,,,,,,,,,,,,,,,
FIN_427;Teuva;Teuva;Teuva;;Teuva;;;;;;;;;;
FIN_346;Vaasa;Vaasa;Vaasa;;Vaasa;;;;;;;;;;,,,,,,,,,,,,,,,,,,,,,,,,,,,,,,,,,,,,,,,
FIN_398;Perho;Perho;Perho;;Perho;;;;;;;;;;,,,,,,,,,,,,,,,,,,,,,,,,,,,,,,
FIN_429;Karstula;Karstula;Karstula;;Karstula;;;;;;;;;;,,,,,,,,,,,,,,,,,,,,,,,,
FIN_401;Kuopio;Kuopio;Kuopio;;Kuopio;;;;;;;;;;,,,,,,,,,,,,,,,,,,,,,,,,,,,,,,,,,,,,,,,
FIN_301;Toholampi;Toholampi;Toholampi;;Toholampi;;;;;;;;;;,,,,,,,,,,,,,,,,,,,,,,
FIN_249;Oulu;Oulu;Oulu;;Oulu;;;;;;;;;;,,,,,,,,,,,,,,,,,,,,,,,,,,,,,,,,,,,,,,,
FIN_302;Kilpua;Kilpua;Kilpua;;Kilpua;;;;;;;;;;,,,,,,,,,,,,,,,,,
FIN_349;Kiuruvesi;Kiuruvesi;Kiuruvesi;;Kiuruvesi;;;;;;;;;;,,,,,,,,,,,,,,,,,,,,,,,,,
FIN_327;Nurmes;Nurmes;Nurmes;;Nurmes;;;;;;;;;;
FIN_284;Pista;Pista;Pista;;Pista;;;;;;;;;;,,,,,,,,,,,,,,,,,,,,,,,,
FIN_266;Kajaani;Kajaani;Kajaani;;Kajaani;;;;;;;;;;,,,,,,,,,,,,,,
FIN_208;Vaala;Vaala;Vaala;;Vaala;;;;;;;;;;,,,,,,,,,,,,,,,,,,,,,,,,,
FIN_222;Hossa;Hossa;Hossa;;Hossa;;;;;;;;;;,,,,,,,,,,,,,,,,,,,,,,,,
FIN_182;Olanga;Olanga;Olanga;;Olanga;;;;;;;;;;,,,,,,,,,,,,,,,,,,,,,,,,
FIN_126;Nota;Nota;Nota;;Nota;;;;;;;;;;,,,,
FIN_45;Titovka;Titovka;Titovka;;Titovka;;;;;;;;;;,,,,,,,,,,,,,,,,,,,,,,,
FIN_57;Inari;Inari;Inari;;Inari;;;;;;;;;;,,,,,,,,,,,,,,,,,,,,,,,,,
FIN_106;Ivalo;Ivalo;Ivalo;;Ivalo;;;;;;;;;;,,,,,,,,,,,,,,,,
FIN_41;Angeli;Angeli;Angeli;;Angeli;;;;;;;;;;,,,,,,,,,,,,,,,,,,,,,,,,,
FIN_70;Pokka;Pokka;Pokka;;Pokka;;;;;;;;;;,,,,
FIN_142;Korvala;Korvala;Korvala;;Korvala;;;;;;;;;;,,,,,,,,,,,,,,,,,,,,
FIN_194;Tornio;Tornio;Tornio;;Tornio;;;;;;;;;;,,,,,,,,,,,,,,,,,,,,,,,,,
FIN_162;Autti;Autti;Autti;;Autti;;;;;;;;;;,,,,,,,,,,,,,,,,,,,,,,,,,
ITA_3974;Bologna;Bologne;Bologna;;Bolonia;;;;;;;;;;,,,,,,,,,,,,,,,,,,,,,,,,,,,,,
ITA_3763;Venezia;Venise;Venedig;;Venecia;;;;;;;;;;,,,,,,,,,,,,,,,,
ITA_3976;Trieste;Trieste;Triest;;Trieste;;;;;;;;;;,,,,,,,,,,,,,,,,,,,,,,,,,,,,,
ITA_3901;La Spezia;La Spezia;La Spezia;;La Spezia;;;;;;;;;;,,,,,,,,,,,,,,,,,,
ITA_4109;Firenze;Florence;Florenz;;Florencia;;;;;;;;;;,,,,,,,,,,,,,,,,,,,,,,,,,,,,,
ITA_4232;Siena;Sienne;Siena;;Siena;;;;;;;;;;,,,,,,,,,,,,,,,,,,,,,,,,,,,,,
ITA_4110;Ancona;Ancône;Ancona;;Ancona;;;;;;;;;;
ITA_4422;Grosseto;Grosseto;Grosseto;;Grosseto;;;;;;;;;;,,,,,,,,,,,,,,,,,,,,,,,,,,,,,
ITA_4552;Termoli;Termoli;Termoli;;Termoli;;;;;;;;;;,,,,,,,,,,,,,,,,,,,,,,,,,,,,
ITA_4302;Macerata;Macerata;Macerata;;Macerata;;;;;;;;;;,,
ITA_4715;Foggia;Foggia;Foggia;;Foggia;;;;;;;;;;,,,,,,,,,,,,,,,,,,,,,,,,,,,,,
ITA_4868;Bari;Bari;Bari;;Bari;;;;;;;;;;,,,,,,,,,,,,,,,,,,,,,,,,,,,,
ITA_4962;Taranto;Taranto;Taranto;;Tarento;;;;;;;;;;,,,,,,,,,,,,,
ITA_4866;Salerno;Salerne;Salerno;;Salerno;;;;;;;;;;,,,,,,,,,,,,,,,,,,,,,,,,,,,,,
ITA_4915;Asti;Asti;Asti;;Asti;;;;;;;;;;,,,,,,,,,,,,,,,,,,,,,,,,,,,,,
ITA_5038;Cosenza;Cosenza;Cosenza;;Cosenza;;;;;;;;;;
ITA_5237;Reggio di Calabria;Reggio di Calabria;Kalabrien;;Reggio di Calabria;;;;;;;;;;,,,,,,,
ITA_5235;Agrigento;Agrigente;Agrigento;;Agrigento;;;;;;;;;;,,,,,,,
ITA_5266;Palermo;Palerme;Palermo;;Palermo;;;;;;;;;;,
ITA_4763;Sassari;Sassari;Sassari;;Sassari;;;;;;;;;;,,,,,,,
spanish_region;Spain;Espagne;Spanien;;España;;;;;;;;;;,,,,,,,
french_indochine_region;French Indochine;Indochine française;Französisch-Indochina;;Indochina Francesa;;;;;;;;;;,,,,,,,
sudetenland;Sudetenland;Sudètes;Sudetenland;;Las Sudetes;;;;;;;;;;,,,,,,,
northern_italy_region;Northern Italy;Italie du Nord;Norditalien;;Norte de Italia;;;;;;;;;;,,,,,,,
libya_region;Libya;Libye;Libyen;;Libia;;;;;;;;;;,,,,,,,
italian_somaliland_region;Italian Somaliland;Somalie Italienne;Italienisch-Somaliland;;Somalia Italiana;;;;;;;;;;,,,,,,,
eritrea_region;Eritrea;Érythrée;Eritrea;;Eritrea;;;;;;;;;;,,,,,,,
slovenia_region;Slovenia;Slovénie;Slowenien;;Eslovenia;;;;;;;;;;,,,,,,,
montenegro_region;Montenegro;Monténégro;Montenegro;;Montenegro;;;;;;;;;;,,,,,,,
albania_region;Albania;Albanie;Albanien;;Albania;;;;;;;;;;,,,,,,,
northern_france_region;Northern France;France du Nord;Nordfrankreich;;Norte de Francia;;;;;;;;;;,,,,,,,
western_france_region;Western France;France de l'Ouest;Westfrankreich;;Francia Occidental;;;;;;;;;;,,,,,,,
central_western_russia_region;Central Western Russia;Russie Centrale de l'Ouest;Zentralwestrussland;;Rusia Central Occidental;;;;;;;;;;
western_russia_region;Western Russia;Russie Européenne;Westrussland;;Rusia Occidental;;;;;;;;;;,,,,,,,
baltic_states_region;The Baltic States;Les États Baltes;Baltikum;;Los Estados Bálticos;;;;;;;;;;
sikhote_alin_region;Sikhote Alin;Sikhote-Aline;Sikhote Alin;;Sikhote Alin;;;;;;;;;;,,,,,,,
czechoslovakia_region;Czechoslovakia;Tchécoslovaquie;Tschechoslowakei;;Checoslovaquia;;;;;;;;;;
poland_region;Poland;Pologne;Polen;;Polonia;;;;;;;;;;,,,,,,,
east_germany_region;East Germany;Allemagne de l'Est;Ostdeutschland;;Alemania Oriental;;;;;;;;;;
austria_region;Austria;Autriche;Österreich;;Austria;;;;;;;;;;,,,,,,,
belgium_region;Belgium;Belgique;Belgien;;Bélgica;;;;;;;;;;
the_netherlands_region;The Netherlands;Pays-Bas;Niederlande;;Los Países Bajos;;;;;;;;;;,,,,,,,
denmark_region;Denmark;Danemark;Dänemark;;Dinamarca;;;;;;;;;;
norway_region;Norway;Norvège;Norwegen;;Noruega;;;;;;;;;;,,,,,,,
greece_region;Greece;Grèce;Griechenland;;Grecia;;;;;;;;;;
yugoslavia_region;Yugoslavia;Yougoslavie;Jugoslawien;;Yugoslavia;;;;;;;;;;,,,,,,,
croatia_region;Croatia;Croatie;Kroatien;;Croacia;;;;;;;;;;,
eastern_poland;Eastern Poland;Pologne de l'Est;Ostpolen;;Polonia Oriental;;;;;;;;;;,,,,,,,,,,,,,,,,,,,,,,,
crimean_peninsula;Crimean Peninsula;Presqu'ile Crimée;Halbinsel Krim;;Península crimea;;;;;;;;;;,,,,,,,,,,,,,,,,,
lithuania_region;Lithuania;Lituanie;Litauen;;Lituania;;;;;;;;;;,,,,,,,,,,,,,,,,,,,,,,,,
SPR_4419;Barcelona;Barcelona;Barcelona;;Barcelona;;;;;;;;;;,,,,,,,,,,,,,,,,,,,,,,,,
SPR_4357;Gerona;Gerona;Gerona;;Gerona;;;;;;;;;;,,,,,,,,,,,,,,,,,,,,,,,,
SPR_4226;Lérida;Lérida;Lérida;;Lérida;;;;;;;;;;,,,,,,,,,,,,,,,,,,,,,,,
SPR_4547;Tarragona;Tarragona;Tarragona;;Tarragona;;;;;;;;;;,,,,,,,,,,,,,,,,,,,,,,,
SPR_4863;Palma de Mallorca;Palma de Mallorca;Palma de Mallorca;;Palma de Mallorca;;;;;;;;;;
SPR_4656;Castellón;Castellón;Castellón;;Castellón;;;;;;;;;;,,,,,,,,,,,,,,,,,,,,,,,,
SPR_4813;Valencia;Valencia;Valencia;;Valencia;;;;;;;;;;,,,,,,,,,,,,,,,,,,,,,,,,
SPR_4960;Alicante;Alicante;Alicante;;Alicante;;;;;;;;;;,,,,,,,,,,,,,
SPR_5000;Murcia;Murcia;Murcia;;Murcia;;;;;;;;;;,,,,,,,,,,,,,,,,,,,,,,,,
SPR_5158;Almería;Almería;Almería;;Almería;;;;;;;;;;,,,,,,,,,,,,,,,,,,,,,,,,
SPR_5035;Granada;Granada;Granada;;Granada;;;;;;;;;;,,,,,,,,,,,,,,,,,,,
SPR_5099;Málaga;Málaga;Málaga;;Málaga;;;;;;;;;;,,,,,,,,,,,,,,,,,,,,,,,,
SPR_4996;Jaén;Jaén;Jaén;;Jaén;;;;;;;;;;,,,,,,,,,,,,,,,,,,,,,,,
SPR_4855;Córdoba;Córdoba;Córdoba;;Córdoba;;;;;;;;;;,,,,,,,,,,,,,,,,,,,,,,,,,,,,,,,
SPR_5067;Sevilla;Sevilla;Sevilla;;Sevilla;;;;;;;;;;,,,,,,,,,,,,,,,,,,,,,,,,,,,,,,,,,,,,,,,,,,,,,,,,,
SPR_5125;Cádiz;Cádiz;Cádiz;;Cádiz;;;;;;;;;;,,,,,,,,,,,,,,,,,,,,,,,,,,,,,,,,,,,,,,,,,,,,
SPR_4993;Huelva;Huelva;Huelva;;Huelva;;;;;;;;;;,,,,,,,,,,,,,,,,,,,,,,,,
SPR_4592;Cáceres;Cáceres;Cáceres;;Cáceres;;;;;;;;;;,,,,,,,,,,,,,,,,,,,,,,,,,,,,,,,,,,,,,,,,,,,,,,,,,
SPR_4647;Badajoz;Badajoz;Badajoz;;Badajoz;;;;;;;;;;,,,,,,,,,,,,,,,,,,,,,,,,,,,,,,,,,,,,,,,,,,,,,,,,
SPR_4649;Toledo;Toledo;Toledo;;Toledo;;;;;;;;;;,,,,,,,,,,,,,,,,,,,,,,,,,,,,,,,,,,,,,
SPR_4756;Ciudad Real;Ciudad Real;Ciudad Real;;Ciudad Real;;;;;;;;;;,,,,,,,,,,,,,,,,,,,,,,,,,,,,,,,,,,,,,,,,,,,,,,,,,
SPR_4810;Albacete;Albacete;Albacete;;Albacete;;;;;;;;;;,,,,,,,,,,,,,,,,,,,,,,,,,,,,,,,,,,,,,,,,,,,,,,,,,
SPR_4652;Cuenca;Cuenca;Cuenca;;Cuenca;;;;;;;;;;,,,,,,,,,
SPR_4412;Guadalajara;Guadalajara;Guadalajara;;Guadalajara;;;;;;;;;;,,,,,,,,,,,,,,,,,,,,,,,,,,,,,,,,,,,,,,,,,,,,,,,,,
SPR_4411;Madrid;Madrid;Madrid;;Madrid;;;;;;;;;;,,,,,,,,,,,,,,,,,,,,,,,,,,,,,,,,,,,,,,,,,,,,,,,,,
SPR_4159;Huesca;Huesca;Huesca;;Huesca;;;;;;;;;;
SPR_4223;Zaragoza;Zaragoza;Zaragoza;;Zaragoza;;;;;;;;;;,,,,,,,,,,,,,,,,,,,,,,,,,,,,,,,,,,,,,,,,,,,,,,,,,
SPR_4654;Teruel;Teruel;Teruel;;Teruel;;;;;;;;;;,,,,,,,,,,,,,,,,,,,,,,,,,,,,,,,,,,,,,,,,,,,,,,,,,
SPR_4025;Pamplona;Pamplona;Pamplona;;Pamplona;;;;;;;;;;,,,,,,,,,,,,,,,,,,,,,,,,,,,,,,,,,,,,,,,,,,,,,,,,,
SPR_4094;Logroño;Logroño;Logroño;;Logroño;;;;;;;;;;,,,,,,,,,,,,,,,,,,,,,,,,,,,,,,,,,,,,,,,,,,,,,,,,,,,,,,,,,,,,,,,,,,,,,,,,,,,,,,,,,,,,,,,,,,,,,,,,,,,,,,,,,,,,,,,,,,,,,,,,,,,,,,,
SPR_3884;País Vasco;País Vasco;País Vasco;;País Vasco;;;;;;;;;;,,,,,,,,,,,,,,,,,,,,,,,,,,,,,,,,,,,,,,,,,,,,,,,,,,,,,,,,,,,,,,,,,,,,,,,,,,,,,,,,,,,,,,,,,,,,,,,,,,,,,,,,,,,,,,,,,,,,,,,,,,,,,,,
ENG_5191;Gibraltar;Gibraltar;Gibraltar;;Gibraltar;;;;;;;;;;
SPR_4351;Soria;Soria;Soria;;Soria;;;;;;;;;;,,,,,,,,,,,,,,,,,,,,,,,,,,,,,,,,,,,,,,,,,,,,,,,,,,,,,,,,,,,,,,,,,,,,,,,,,,,,,,,,,,,,,,,,,,,,,,,,,,,,,,,,,,,,,,,,,,,,,,,,,,,,,,,
SPR_3955;Burgos;Burgos;Burgos;;Burgos;;;;;;;;;;,,,,,,,,,,,,,,,,,,,,,,,,,,,,,,,,,,,,,,,,,,,,,,,,,,,,,,,,,,,,,,,,,,,,,,,,,,,,,,,,,,,,,,,,,,,,,,,,,,,,,,,,,,,,,,,,,,,,,,,,,,,,,,,
SPR_4348;Segovia;Segovia;Segovia;;Segovia;;;;;;;;;;,,,,,,,,,,,,,,,,,,,,,,,,,,,,,,,,,,,,,,,,,,,,,,,,,,,,,,,,,,,,,,,,,,,,,,,,,,,,,,,,,,,,,,,,,,,,,,,,,,
SPR_3882;Palencia;Palencia;Palencia;;Palencia;;;;;;;;;;,,,,,,,,,,,,,,,,,,,,,,,,,,,,,,,,,,,,,,,,,,,,,,,,,,,,,,,,,,,,,,,,,,,,,,,,,,,,,,,,,,,,,,,,,,,,,,,,,,,,,,,,,,,,,,,,,,,,,,,,,,,,,,,
SPR_4089;Zamora;Zamora;Zamora;;Zamora;;;;;;;;;;,,,,,,,,,,,,,,,,,,,,,,,,,,,,,,,,,,,,,,,,,,,,,,,,,,,,,,,,,,,,,,,,,,,,,,,,,,,,,,,,,,,,,,,,,,,,,,,,,,,,,,,,,,,,,,,,,,,,,,,,,,,,,,,
SPR_4539;Ávila;Ávila;Ávila;;Ávila;;;;;;;;;;,,,,,,,,,,,,,,,,,,,,,,,,,,,,,,,,,,,,,,,,,,,,,,,,,,,,,,,,,,,,,,,,,,,,,,,,,,,,,,,,,,,,,,,,,,,,,,,,,,,,,,,,,,,,,,,,,,,,,,,,,,,
SPR_3880;León;León;León;;León;;;;;;;;;;,,,,,,,,,,,,,,,,,,,,,,,,,,,,,,,,,,,,,,,,,,,,,,,,,,,,,,,,,,,,,,,,,,,,,,,,,,,,,,,,,,,,,,,,,,,,,,,,,,,,,,,,,,,,,,,,,,,,,,,,,,,,,,,
SPR_4153;Valladolid;Valladolid;Valladolid;;Valladolid;;;;;;;;;;,,,,,,,,,,,,,,,,,,,,,,,,,,,,,,,,,,,,,,,,,,,,,,,,,,,,,,,,,,,,,,,,,,,,,,,,,,,,,,,,,,,,,,,,,,,,,,,,,,,,,,,,,,,,,,,,,,,,,
SPR_4408;Salamanca;Salamanca;Salamanca;;Salamanca;;;;;;;;;;,,,,,,,,,,,,,,,,,,,,,,,,,,,,,,,,,,,,,,,,,,,,,,,,,,,,,,,,,,,,,,,,,,,,,,,,,,,,,,,,,,,,,,,,,,,,,,,,,,,,,,,,,,,,,,,,,,,,,,,,,,,,,,,
SPR_3813;Santander;Santander;Santander;;Santander;;;;;;;;;;,,,,,,,,,,,,,,,,,,,,,,,,,,,,,,,,,,,,,,,,,,,,,,,,,,,,,,,,,,,,,,,,,,,,,,,,,,,,,,,,,,,,,,,,,,,,,,,,,,,,,,,,,,,,,,,,,,,,,,,,,,,,,,,
SPR_3678;Oviedo;Oviedo;Oviedo;;Oviedo;;;;;;;;;;,,,,,,,,,,,,,,,,,,,,,,,,,,,,,,,,,,,,,,,,,,,,,,,,,,,,,,,,,,,,,,,,,,,,,,,,,,,,,,,,,,,,,,,,,,,,,,,,,,,,,,,,,,,,,,,,,,,,,,,,,,,,,,,
SPR_3676;La Coruña;La Coruña;La Coruña;;La Coruña;;;;;;;;;;,,,,,,,,,,,,,,,,,,,,,,,,,,,,,,,,,,,,,,,,,,,,,,,,,,,,,,,,,,,,,,,,,,,,,,,,,,,,,,,,,,,,,,,,,,,,,,,,,,,,,,,,,,,,,,
SPR_3611;Lugo;Lugo;Lugo;;Lugo;;;;;;;;;;,,,,,,,,,,,,,,,,,,,,,,,,,,,,,,,,,,,,,,,,,,,,,,,,,,,,,,,,,,,,,,,,,,,,,,,,,,,,,,,,,,,,,,,,,,,,,,,,,,,,,,,,,,,,,,,,,,,,,,,,,,,,,,,
SPR_3878;Orense;Orense;Orense;;Orense;;;;;;;;;;
SPR_3742;Pontevedra;Pontevedra;Pontevedra;;Pontevedra;;;;;;;;;;,,,,,,,,,,,,,,,,
SPR_5321;Rif Oriental;Rif Oriental;Rif Oriental;;Rif Oriental;;;;;;;;;;,,,,,,,,,,,,,,,,
SPR_5289;Rif Occidental;Rif Occidental;Rif Occidental;;Rif Occidental;;;;;;;;;;,,,,,,,,,,,,,,,,
SPR_9551;Río de Oro;Río de Oro;Río de Oro;;Río de Oro;;;;;;;;;;,,,,,,,,,,
SPR_9569;Ifni;Ifni;Ifni;;Ifni;;;;;;;;;;,,,,,,,,,,,,,,,,
SPR_9482;Saguia el Hamra;Saguia el Hamra;Saguia el Hamra;;Saguia el Hamra;;;;;;;;;;,,,,,,,,,,,,,,,,
SPR_10002;Guinea Española;Guinea Española;Guinea Española;;Guinea Española;;;;;;;;;;,,,,,,,,,,
SPR_10729;Islas Canarias;Islas Canarias;Islas Canarias;;Islas Canarias;;;;;;;;;;,,,,,,,,,
POR_3948;Minho;Minho;Minho;;Minho;;;;;;;;;;,,,,,,,,,,,,,,,,
POR_4901;Algarve;Algarve;Algarve;;Algarve;;;;;;;;;;,,,,,,,,,
POR_4470;Baixo Alentejo;Baixo Alentejo;Baixo Alentejo;;Baixo Alentejo;;;;;;;;;;,,,,,,,,,,,,,,,,
POR_4533;Estremadura;Estremadura;Estremadura;;Estremadura;;;;;;;;;;,,,,,,,,,,
POR_4472;Alto Alentejo;Alto Alentejo;Alto Alentejo;;Alto Alentejo;;;;;;;;;;,,,,,,,,,,,,,,,,
POR_4282;Beira Litoral;Beira Litoral;Beira Litoral;;Beira Litoral;;;;;;;;;;,,,,,,,,,,,,,,,,
POR_4534;Ribatejo;Ribatejo;Ribatejo;;Ribatejo;;;;;;;;;;,,,,,,,,,
POR_4214;Beira Alta;Beira Alta;Beira Alta;;Beira Alta;;;;;;;;;;,,,,,,,,,
POR_4407;Beira Baixa;Beira Baixa;Beira Baixa;;Beira Baixa;;;;;;;;;;,,,,,,,,,
POR_4017;Douro Litoral;Douro Litoral;Douro Litoral;;Douro Litoral;;;;;;;;;;,,
POR_4087;Trás-os-Montes e Alto Douro;Trás-os-Montes e Alto Douro;Trás-os-Montes e Alto Douro;;Trás-os-Montes e Alto Douro;;;;;;;;;;,,,,,,,,,
POR_8970;Açores;Açores;Açores;;Açores;;;;;;;;;;,,,,
POR_11384;Madeira;Madeira;Madeira;;Madeira;;;;;;;;;;,,,,,,,,,
andalucia_region;Andalucía;Andalucía;Andalucía;;Andalucía;;;;;;;;;;,,,,,
aragon_region;Aragón;Aragón;Aragón;;Aragón;;;;;;;;;;,,,,,,,,,
asturias_region;Asturias;Asturias;Asturias;;Asturias;;;;;;;;;;,,,,,,,,,
islas_baleares_region;Islas Baleares;Islas Baleares;Islas Baleares;;Islas Baleares;;;;;;;;;;
castilla_la_nueva_region;Castilla la Nueva;Castilla la Nueva;Castilla la Nueva;;Castilla la Nueva;;;;;;;;;;,,,,,,,,
castilla_la_vieja_region;Castilla la Vieja;Castilla la Vieja;Castilla la Vieja;;Castilla la Vieja;;;;;;;;;;,,,,,,
cataluña_region;Cataluña;Cataluña;Cataluña;;Cataluña;;;;;;;;;;,,,,,,,,,
extremadura_region;Extremadura;Extremadura;Extremadura;;Extremadura;;;;;;;;;;,
galicia_region;Galicia;Galicia;Galicia;;Galicia;;;;;;;;;;,,,,,,,,,
reino_de_leon_region;Reino de León;Reino de León;Reino de León;;Reino de León;;;;;;;;;;,,,,,,,,,
reino_de_murcia_region;Reino de Murcia;Reino de Murcia;Reino de Murcia;;Reino de Murcia;;;;;;;;;;,,,,,,,,,
navarra_region;Navarra;Navarra;Navarra;;Navarra;;;;;;;;;;,,,,,,,,,,,,
reino_de_valencia_region;Reino de Valencia;Reino de Valencia;Reino de Valencia;;Reino de Valencia;;;;;;;;;;,,,,,,,,,,,,
protectorado_espanol_de_marruecos_region;Protectorado Español de Marruecos;Protectorado Español de Marruecos;Protectorado Español de Marruecos;;Protectorado Español de Marruecos;;;;;;;;;;,,,,,,,,,,
sahara_espanol_region;Sahara Español;Sahara Español;Sahara Español;;Sahara Español;;;;;;;;;;,,,,,,,,,,,,
